                  epoch,         train/box_loss,         train/cls_loss,         train/dfl_loss,   metrics/precision(B),      metrics/recall(B),       metrics/mAP50(B),    metrics/mAP50-95(B),           val/box_loss,           val/cls_loss,           val/dfl_loss,                 lr/pg0,                 lr/pg1,                 lr/pg2
                      1,                 3.3009,                 5.0384,                 4.2371,                0.00354,                0.94444,                0.02978,                0.00943,                  2.685,                 4.0362,                 4.1544,                0.00024,                0.00024,                0.00024
                      2,                 3.1026,                 4.7104,                  4.214,                0.00354,                0.94444,                0.03648,                0.00865,                  2.668,                  4.013,                 4.1346,               0.000401,               0.000401,               0.000401
                      3,                 3.1568,                 4.6204,                  4.157,                0.00354,                0.94444,                0.02011,                0.00584,                 2.6281,                 3.9461,                 4.0932,             0.00045904,             0.00045904,             0.00045904
                      4,                 3.1569,                 4.7025,                 4.1412,                0.00354,                0.94444,                0.01497,                0.00489,                 2.6169,                 3.8812,                 4.0654,             0.00041412,             0.00041412,             0.00041412
                      5,                  3.083,                 4.4604,                 4.1264,                0.00292,                0.77778,                0.01348,                0.00453,                 2.5995,                 3.8255,                 4.0415,             0.00026624,             0.00026624,             0.00026624
