                  epoch,         train/box_loss,         train/cls_loss,         train/dfl_loss,   metrics/precision(B),      metrics/recall(B),       metrics/mAP50(B),    metrics/mAP50-95(B),           val/box_loss,           val/cls_loss,           val/dfl_loss,                 lr/pg0,                 lr/pg1,                 lr/pg2
                      1,                 3.4267,                 4.1281,                 4.3141,                0.00333,                0.05556,                 0.0028,                0.00105,                 2.6894,                 4.0348,                 4.1579,                0.00012,                0.00012,                0.00012
                      2,                  3.317,                  3.917,                 4.2483,                0.00354,                0.94444,                0.05438,                0.01357,                 2.6896,                 4.0279,                 4.1544,             0.00020852,             0.00020852,             0.00020852
                      3,                 3.0804,                 3.9583,                 4.2083,                0.00354,                0.94444,                0.03164,                0.01232,                 2.6825,                 4.0251,                 4.1481,              0.0002416,              0.0002416,              0.0002416
                      4,                 3.1825,                  3.937,                 4.1863,                0.00354,                0.94444,                0.04788,                0.01441,                 2.6772,                 4.0164,                 4.1419,             0.00021924,             0.00021924,             0.00021924
                      5,                 3.2353,                 3.9684,                 4.1766,                0.00354,                0.94444,                0.03065,                 0.0125,                 2.6669,                  4.003,                 4.1339,             0.00014144,             0.00014144,             0.00014144
